symbol,date,dir,surprise,ret_20d,iwm_20d,excess_20d,cap_musd,adv_usd
VFC,2026-01-28,BEAT,0.3488,-0.0341,-0.0077,-0.0264,6395.0,7515904.0
EAT,2026-01-28,BEAT,0.1344,-0.0781,-0.0077,-0.0704,7622.0,8184253.0
MANH,2026-01-27,BEAT,0.0901,-0.1338,0.0101,-0.1438,8936.0,6296985.0
QRVO,2026-01-27,BEAT,0.1604,0.0681,0.0101,0.0581,7707.0,5067922.0
BAH,2026-01-23,BEAT,0.3409,-0.1944,-0.0024,-0.192,7490.0,7901525.0
ALK,2026-01-22,BEAT,2.9091,-0.006,-0.0162,0.0102,5693.0,5234627.0
BMNR,2026-01-14,MISS,-107.5333,-0.3202,-0.0096,-0.3106,8179.0,22925170.0
APLD,2026-01-07,MISS,-0.2222,0.0943,0.0259,0.0683,9448.0,18377374.0
ACI,2026-01-07,BEAT,0.0746,0.0884,0.0259,0.0625,6921.0,8795678.0
NXE,2026-03-03,MISS,-0.6667,-0.0916,-0.0473,-0.0443,6374.0,5069537.0
GTLB,2026-03-03,BEAT,0.3043,-0.1229,-0.0473,-0.0757,5417.0,7840743.0
SEE,2026-03-02,BEAT,0.0694,0.0019,-0.0434,0.0453,6212.0,7770617.0
PLUG,2026-03-02,BEAT,0.4,0.0181,-0.0434,0.0615,3028.0,5208840.0
ACHR,2026-03-02,MISS,-0.5467,-0.2307,-0.0434,-0.1873,3783.0,6941796.0
BBAI,2026-03-02,BEAT,0.2,-0.0661,-0.0434,-0.0227,1266.0,5998459.0
CORZ,2026-03-02,MISS,-0.0741,-0.0238,-0.0434,0.0196,6812.0,17450365.0
RIOT,2026-03-02,MISS,-8.2273,-0.1916,-0.0434,-0.1482,8361.0,13727850.0
NCLH,2026-03-02,BEAT,0.0578,-0.121,-0.0434,-0.0776,9081.0,28990455.0
EXK,2026-02-27,MISS,-0.3333,-0.3425,-0.0917,-0.2507,2534.0,6116586.0
GTLS,2026-02-27,MISS,-0.2787,-0.0013,-0.0917,0.0904,9991.0,16265192.0
TXNM,2026-02-27,MISS,-0.2523,-0.0098,-0.0917,0.0819,6304.0,5425050.0
OS,2026-02-26,BEAT,1.4,0.0157,-0.0699,0.0856,2395.0,6186107.0
MASI,2026-02-26,MISS,-0.8784,0.0099,-0.0699,0.0798,9424.0,24209833.0
SHAK,2026-02-26,BEAT,0.0596,-0.1538,-0.0699,-0.0839,2279.0,5246060.0
COMP,2026-02-26,MISS,-0.1667,-0.2746,-0.0699,-0.2047,7675.0,16181248.0
MP,2026-02-26,BEAT,0.5387,-0.1204,-0.0699,-0.0505,9490.0,10511337.0
NXST,2026-02-26,BEAT,0.0723,-0.1516,-0.0699,-0.0817,5530.0,6414677.0
DUOL,2026-02-26,BEAT,0.1899,-0.0557,-0.0699,0.0142,5860.0,13033033.0
AAOI,2026-02-26,BEAT,0.9167,0.1681,-0.0699,0.238,9705.0,6403878.0
IBP,2026-02-26,BEAT,0.1782,-0.1987,-0.0699,-0.1288,6149.0,8001878.0
UUUU,2026-02-26,MISS,-0.1429,-0.177,-0.0699,-0.1071,3451.0,11451760.0
MARA,2026-02-26,MISS,-1.0,-0.1019,-0.0699,-0.032,4728.0,12265850.0
QBTS,2026-02-26,MISS,-1.4,-0.2604,-0.0699,-0.1905,8276.0,21419344.0
MIDD,2026-02-26,BEAT,0.0661,-0.2376,-0.0699,-0.1677,7918.0,6240482.0
CELH,2026-02-26,BEAT,0.3684,-0.3675,-0.0699,-0.2976,8477.0,9866958.0
SOUN,2026-02-26,BEAT,2.0294,-0.3159,-0.0699,-0.246,2835.0,7806768.0
ESTC,2026-02-26,BEAT,0.1406,-0.0687,-0.0699,0.0012,6033.0,6462257.0
TFX,2026-02-26,MISS,-0.4826,-0.048,-0.0699,0.0219,5932.0,7097159.0
PRMB,2026-02-26,BEAT,0.1818,-0.1948,-0.0699,-0.1249,9079.0,5277781.0
FIGR,2026-02-26,MISS,-0.5385,0.2238,-0.0699,0.2937,6193.0,8441153.0
RUN,2026-02-26,BEAT,5.75,-0.0526,-0.0699,0.0173,3039.0,5905468.0
EOSE,2026-02-26,MISS,-3.2,-0.1457,-0.0699,-0.0758,1514.0,9893588.0
SMR,2026-02-26,MISS,-7.0,-0.2003,-0.0699,-0.1304,2910.0,14530527.0
VSEC,2026-02-25,BEAT,0.3182,-0.2349,-0.0696,-0.1653,6519.0,7760579.0
RDW,2026-02-25,MISS,-1.1875,-0.0738,-0.0696,-0.0042,2701.0,6857950.0
CHE,2026-02-25,MISS,-0.0855,-0.0638,-0.0696,0.0058,6500.0,5545631.0
TTD,2026-02-25,BEAT,0.1511,-0.0915,-0.0696,-0.0219,8979.0,22307691.0
CHDN,2026-02-25,BEAT,0.1412,-0.0306,-0.0696,0.039,6336.0,5191180.0
CAVA,2026-02-24,BEAT,0.3333,-0.0638,-0.048,-0.0158,8955.0,9801552.0
CIFR,2026-02-24,MISS,-15.0,-0.0446,-0.048,0.0034,8197.0,20457731.0
MOS,2026-02-24,MISS,-0.5417,-0.0295,-0.048,0.0186,6716.0,10901377.0
RGEN,2026-02-24,BEAT,0.1136,-0.1363,-0.048,-0.0883,8032.0,7980796.0
PLNT,2026-02-24,BEAT,0.0506,-0.0613,-0.048,-0.0133,4246.0,9686520.0
WLK,2026-02-24,BEAT,0.8305,0.1049,-0.048,0.1529,9580.0,6871921.0
EXLS,2026-02-24,BEAT,0.087,0.058,-0.048,0.106,4128.0,5314847.0
CCC,2026-02-24,BEAT,0.1041,-0.056,-0.048,-0.008,3275.0,6850511.0
ZETA,2026-02-24,BEAT,0.2174,-0.0824,-0.048,-0.0343,5173.0,8936538.0
SEI,2026-02-24,BEAT,0.4583,0.1131,-0.048,0.1612,4823.0,6111086.0
RRC,2026-02-24,BEAT,0.2059,0.1907,-0.048,0.2387,8909.0,6388453.0
GGB,2026-02-23,MISS,-0.3636,-0.1603,-0.0552,-0.1052,8095.0,7099597.0
PRIM,2026-02-23,BEAT,0.1368,-0.0311,-0.0552,0.0241,4785.0,5179249.0
IBRX,2026-02-23,BEAT,0.25,-0.357,-0.0552,-0.3018,9887.0,5316456.0
ALSN,2026-02-23,MISS,-0.2436,-0.0352,-0.0552,0.02,9651.0,5253585.0
HIMS,2026-02-23,BEAT,2.5,0.3825,-0.0552,0.4377,8209.0,18919300.0
SBSW,2026-02-20,MISS,-1.2539,-0.2979,-0.0502,-0.2477,6340.0,10030621.0
RIG,2026-02-19,MISS,-0.7778,-0.0437,-0.0843,0.0406,4570.0,21516483.0
OLED,2026-02-19,BEAT,0.0859,-0.0888,-0.0843,-0.0045,3679.0,6624812.0
PRAX,2026-02-19,MISS,-0.1197,-0.1111,-0.0843,-0.0268,6734.0,5915537.0
EGO,2026-02-19,BEAT,0.0553,-0.2704,-0.0843,-0.1861,6778.0,8826955.0
VAL,2026-02-19,BEAT,0.549,-0.0341,-0.0843,0.0502,5218.0,6625084.0
OPEN,2026-02-19,BEAT,0.125,-0.013,-0.0843,0.0713,3756.0,9405554.0
LMND,2026-02-19,BEAT,0.2927,0.1219,-0.0843,0.2062,5494.0,6421537.0
IRTC,2026-02-19,BEAT,7.5,-0.2294,-0.0843,-0.1451,4156.0,6778661.0
POOL,2026-02-19,MISS,-0.1515,-0.0962,-0.0843,-0.0119,7998.0,12617620.0
AG,2026-02-19,BEAT,0.3471,-0.337,-0.0843,-0.2527,8799.0,29301724.0
WING,2026-02-18,BEAT,0.1905,-0.2795,-0.0642,-0.2153,4847.0,13096881.0
BKD,2026-02-18,MISS,-0.0625,-0.0542,-0.0642,0.01,3790.0,5097839.0
BTG,2026-02-18,MISS,-0.45,-0.1769,-0.0642,-0.1127,5436.0,11614385.0
EQX,2026-02-18,BEAT,0.5888,-0.2697,-0.0642,-0.2055,8002.0,11580613.0
LPX,2026-02-17,BEAT,1.5,-0.1301,-0.0679,-0.0623,5541.0,5070907.0
BLDR,2026-02-17,MISS,-0.1385,-0.2389,-0.0679,-0.1711,9109.0,17752185.0
IAG,2026-02-17,BEAT,0.2727,-0.1597,-0.0679,-0.0918,9572.0,14151770.0
CZR,2026-02-17,MISS,-5.8333,0.2821,-0.0679,0.35,6190.0,7053060.0
HALO,2026-02-17,MISS,-1.1116,-0.1304,-0.0679,-0.0625,9424.0,5847933.0
GKOS,2026-02-17,MISS,-0.2727,-0.148,-0.0679,-0.0802,8713.0,6119425.0
CE,2026-02-17,MISS,-0.2472,0.0923,-0.0679,0.1601,5229.0,7147517.0
UNF,2026-04-01,BEAT,0.0504,-0.0183,0.1115,-0.1298,4970.0,6321988.0
LW,2026-04-01,BEAT,0.1502,0.115,0.1115,0.0035,6339.0,6550025.0
RH,2026-03-31,MISS,-0.3077,0.1705,0.1144,0.0562,3196.0,6190935.0
USAR,2026-03-30,MISS,-0.5833,0.4541,0.0971,0.357,1851.0,5587334.0
TERN,2026-03-30,BEAT,0.1379,0.0034,0.0971,-0.0936,4770.0,16298218.0
AGX,2026-03-26,BEAT,0.7437,0.1702,0.1398,0.0304,9900.0,8245293.0
CNM,2026-03-24,BEAT,0.1418,-0.0328,0.094,-0.1268,8411.0,7663153.0
ONDS,2026-03-23,MISS,-5.5,0.0364,0.1113,-0.0749,3877.0,21694385.0
M,2026-03-18,BEAT,0.0915,0.0837,0.1138,-0.0301,6116.0,8555034.0
RCAT,2026-03-18,MISS,-0.2143,-0.1599,0.1138,-0.2737,1126.0,6487513.0
DOCU,2026-03-17,BEAT,0.0632,-0.0582,0.0973,-0.1555,8740.0,8006698.0
OKLO,2026-03-17,MISS,-0.5,0.1314,0.0973,0.0341,9110.0,8605242.0
GDS,2026-03-17,BEAT,15.0,-0.0339,0.0973,-0.1312,5813.0,5304384.0
VNET,2026-03-16,MISS,-1.0357,-0.0327,0.0774,-0.1101,2214.0,5373982.0
TTAN,2026-03-12,BEAT,0.5,-0.1896,0.0749,-0.2645,7470.0,5342169.0
S,2026-03-12,BEAT,0.1667,-0.121,0.0749,-0.1959,5896.0,5555005.0
CPB,2026-03-11,MISS,-0.1053,-0.0546,0.0561,-0.1107,6954.0,12575850.0
DNN,2026-03-11,MISS,-1.3206,-0.1121,0.0561,-0.1682,2896.0,5604598.0
PATH,2026-03-11,BEAT,0.2,-0.1752,0.0561,-0.2313,6229.0,15880476.0
UEC,2026-03-10,BEAT,0.5,-0.0297,0.036,-0.0657,5330.0,8671664.0
AVAV,2026-03-10,MISS,-0.056,-0.1449,0.036,-0.1809,9661.0,15403792.0
ZIM,2026-03-09,BEAT,0.4257,-0.0877,0.0277,-0.1155,3082.0,5042065.0
VSXY,2026-03-05,BEAT,0.0992,0.0332,0.0059,0.0273,6098.0,5037227.0
FLY,2026-05-04,BEAT,0.08,0.2632,0.0179,0.2452,4746.0,6983303.0
RIG,2026-05-04,MISS,-1.4286,-0.0128,0.0179,-0.0307,4570.0,13683056.0
NCLH,2026-05-04,BEAT,0.5333,0.0724,0.0179,0.0544,9081.0,19106119.0
POWL,2026-05-04,MISS,-0.0672,0.0166,0.0179,-0.0014,8974.0,5910460.0
CRGY,2026-05-04,BEAT,0.359,-0.1222,0.0179,-0.1402,3085.0,5357296.0
DUOL,2026-05-04,BEAT,0.1266,0.0315,0.0179,0.0135,5860.0,6661399.0
FND,2026-04-30,MISS,-0.119,0.0016,0.0347,-0.0331,6382.0,10080072.0
RIOT,2026-04-30,MISS,-3.3636,0.527,0.0347,0.4924,8361.0,14876862.0
CROX,2026-04-30,BEAT,0.0755,0.1487,0.0347,0.114,6225.0,7079424.0
BLDR,2026-04-30,MISS,-0.3077,-0.0021,0.0347,-0.0368,9109.0,9356288.0
OGN,2026-04-30,MISS,-0.1446,0.006,0.0347,-0.0286,3558.0,8437980.0
CUBE,2026-04-30,BEAT,0.801,-0.0197,0.0347,-0.0544,9327.0,5253030.0
KEX,2026-04-30,BEAT,0.0638,-0.0357,0.0347,-0.0704,6946.0,6038303.0
DAR,2026-04-30,BEAT,0.4821,-0.0522,0.0347,-0.0869,8984.0,9356647.0
TAP,2026-04-30,BEAT,0.7222,-0.0738,0.0347,-0.1085,7461.0,7171635.0
AXTI,2026-04-30,BEAT,0.75,0.1414,0.0347,0.1068,2625.0,26148931.0
ZETA,2026-04-30,BEAT,0.0769,0.3554,0.0347,0.3207,5173.0,7274740.0
AOS,2026-04-30,MISS,-0.0977,-0.076,0.0347,-0.1106,8762.0,5336954.0
EGO,2026-04-30,BEAT,0.3768,0.1183,0.0347,0.0836,6778.0,5826586.0
VISN,2026-04-30,BEAT,0.5455,0.0285,0.0347,-0.0062,2741.0,6041815.0
PBF,2026-04-30,MISS,-0.1139,-0.0284,0.0347,-0.063,5656.0,7196378.0
CAR,2026-04-29,MISS,-0.1745,-0.0268,0.0447,-0.0715,5774.0,62761118.0
MC,2026-04-29,MISS,-0.1525,0.0324,0.0447,-0.0123,5098.0,5054766.0
LAD,2026-04-29,BEAT,0.0669,0.002,0.0447,-0.0427,6984.0,6831338.0
MEOH,2026-04-29,MISS,-0.2855,-0.0975,0.0447,-0.1422,3518.0,7007448.0
MORN,2026-04-29,BEAT,0.3195,0.0777,0.0447,0.0331,6310.0,5350664.0
SITE,2026-04-29,MISS,-0.3333,-0.1393,0.0447,-0.184,4980.0,5395304.0
AVTR,2026-04-29,BEAT,0.0828,0.1273,0.0447,0.0826,7046.0,5035496.0
WING,2026-04-29,BEAT,0.1569,-0.0432,0.0447,-0.0879,4847.0,14171382.0
FORM,2026-04-29,BEAT,0.2444,-0.0835,0.0447,-0.1282,9634.0,10267037.0
ETSY,2026-04-29,BEAT,0.4355,0.0577,0.0447,0.013,7304.0,8976685.0
GKOS,2026-04-29,BEAT,0.4,-0.2828,0.0447,-0.3275,8713.0,6268203.0
WH,2026-04-29,BEAT,0.1294,-0.0136,0.0447,-0.0583,6169.0,6725180.0
JBLU,2026-04-28,MISS,-0.2083,0.1084,0.0735,0.0348,2240.0,6230400.0
GLXY,2026-04-28,MISS,-0.1136,0.185,0.0735,0.1115,8156.0,5325290.0
ENPH,2026-04-28,BEAT,0.093,1.2301,0.0735,1.1566,5677.0,8201698.0
CVLT,2026-04-28,BEAT,0.1743,0.0933,0.0735,0.0197,6212.0,5470820.0
PII,2026-04-27,BEAT,1.3023,0.0406,0.0602,-0.0196,3591.0,5102760.0
NOV,2026-04-27,MISS,-0.1176,-0.003,0.0602,-0.0632,6467.0,6224803.0
SEI,2026-04-27,BEAT,0.3982,-0.0401,0.0602,-0.1003,4823.0,5748003.0
CHE,2026-04-23,BEAT,0.066,0.0425,0.0308,0.0116,6500.0,5040232.0
KNSL,2026-04-23,BEAT,0.0966,-0.0998,0.0308,-0.1307,8184.0,6870966.0
POOL,2026-04-23,BEAT,0.0593,-0.2068,0.0308,-0.2376,7998.0,8104400.0
PTEN,2026-04-22,BEAT,0.4,0.0952,0.0252,0.0699,3287.0,7491081.0
CHDN,2026-04-22,BEAT,0.1415,-0.1264,0.0252,-0.1516,6336.0,7150961.0
LBRT,2026-04-22,BEAT,1.4615,0.0184,0.0252,-0.0068,3882.0,5093037.0
RRC,2026-04-21,BEAT,0.1515,-0.0271,0.012,-0.0391,8909.0,8990856.0
WFRD,2026-04-21,BEAT,0.4057,0.1016,0.012,0.0895,5971.0,7902782.0
MANH,2026-04-21,BEAT,0.1273,-0.0401,0.012,-0.0522,8936.0,5397610.0
CLF,2026-04-20,BEAT,0.0909,0.1118,-0.0054,0.1172,5624.0,5304531.0
BMNR,2026-04-14,MISS,-0.5278,-0.0528,0.0493,-0.1021,8179.0,30137136.0
KMX,2026-04-14,BEAT,0.4893,-0.0846,0.0493,-0.1339,7235.0,6757866.0
ACI,2026-04-14,BEAT,0.1163,-0.0045,0.0493,-0.0538,6921.0,7105984.0
APLD,2026-04-08,MISS,-2.6,0.6215,0.0776,0.5439,9448.0,11219363.0
LGN,2026-05-14,BEAT,0.165,0.0295,0.0613,-0.0317,9178.0,9483414.0
CELC,2026-05-14,BEAT,0.0673,-0.3609,0.0613,-0.4222,5264.0,7741511.0
POET,2026-05-14,MISS,-1.0,-0.1316,0.0613,-0.1929,1156.0,19947534.0
ONDS,2026-05-14,MISS,-1.2326,-0.1044,0.0613,-0.1657,3877.0,14196051.0
UAMY,2026-05-14,BEAT,0.5,-0.1324,0.0613,-0.1937,1101.0,5762163.0
LUNR,2026-05-14,MISS,-4.8507,-0.2404,0.0613,-0.3017,3121.0,11007109.0
WIX,2026-05-13,MISS,-0.438,-0.1273,0.0299,-0.1572,2717.0,6684495.0
USAR,2026-05-13,BEAT,0.0769,-0.1147,0.0299,-0.1447,1851.0,13622584.0
VSH,2026-05-13,BEAT,1.1432,0.5642,0.0299,0.5343,6388.0,8146505.0
ORKA,2026-05-13,BEAT,0.1224,0.0959,0.0299,0.066,3191.0,10391702.0
EOSE,2026-05-13,BEAT,1.5491,-0.2578,0.0299,-0.2877,1514.0,7302507.0
LEGN,2026-05-12,MISS,-6.5,0.2645,0.0274,0.2371,5532.0,5146339.0
KRMN,2026-05-12,MISS,-0.0939,-0.2633,0.0274,-0.2907,7471.0,6443707.0
AG,2026-05-12,MISS,-0.0606,-0.2952,0.0274,-0.3226,8799.0,13072328.0
QBTS,2026-05-12,BEAT,0.3471,0.1106,0.0274,0.0833,8276.0,30578556.0
PLUG,2026-05-11,BEAT,0.1111,-0.1994,-0.002,-0.1975,3028.0,8609919.0
MOS,2026-05-11,MISS,-0.7958,-0.1146,-0.002,-0.1126,6716.0,13050372.0
MNDY,2026-05-11,BEAT,0.1979,0.1348,-0.002,0.1368,4112.0,6389600.0
MARA,2026-05-11,MISS,-0.3261,-0.0063,-0.002,-0.0043,4728.0,15516217.0
HIMS,2026-05-11,MISS,-16.7667,0.1087,-0.002,0.1107,8209.0,24682675.0
QUBT,2026-05-11,BEAT,0.6,-0.1934,-0.002,-0.1914,1235.0,6109844.0
CLSK,2026-05-11,MISS,-1.08,0.1069,-0.002,0.1089,3238.0,9973860.0
GTLS,2026-05-11,MISS,-0.8135,-0.0047,-0.002,-0.0027,9991.0,14957861.0
FLR,2026-05-08,MISS,-0.7879,0.1323,-0.0014,0.1337,6907.0,6058507.0
OSK,2026-05-08,MISS,-0.1827,-0.0104,-0.0014,-0.0091,8898.0,7049843.0
JHG,2026-05-08,MISS,-0.0654,0.0033,-0.0014,0.0047,8004.0,5049153.0
CELH,2026-05-07,BEAT,0.4138,-0.133,-0.0002,-0.1327,8477.0,10246747.0
SMR,2026-05-07,MISS,-0.2727,-0.1419,-0.0002,-0.1417,2910.0,14959432.0
HTZ,2026-05-07,BEAT,0.0526,-0.1573,-0.0002,-0.157,669.0,5345659.0
DBX,2026-05-07,BEAT,0.0704,-0.0554,-0.0002,-0.0551,7269.0,6066933.0
AAON,2026-05-07,BEAT,0.6455,-0.0533,-0.0002,-0.053,8815.0,6391332.0
AAOI,2026-05-07,MISS,-0.4286,0.3197,-0.0002,0.3199,9705.0,38170853.0
PCTY,2026-05-07,BEAT,0.1893,0.0123,-0.0002,0.0126,6163.0,5429471.0
PRAX,2026-05-07,BEAT,0.1061,-0.233,-0.0002,-0.2327,6734.0,6124878.0
HUBS,2026-05-07,BEAT,0.1012,0.0558,-0.0002,0.056,9840.0,26009097.0
PLNT,2026-05-07,BEAT,0.1746,0.1052,-0.0002,0.1054,4246.0,9187243.0
OPEN,2026-05-07,MISS,-2.6,-0.1397,-0.0002,-0.1395,3756.0,6082013.0
SHAK,2026-05-07,MISS,-1.0134,-0.2445,-0.0002,-0.2443,2279.0,7670355.0
SOUN,2026-05-07,BEAT,0.4,-0.1561,-0.0002,-0.1558,2835.0,8698887.0
TFX,2026-05-07,BEAT,0.1488,-0.0099,-0.0002,-0.0097,5932.0,9355805.0
MIDD,2026-05-07,BEAT,0.1134,-0.0431,-0.0002,-0.0428,7918.0,7060604.0
LYFT,2026-05-07,MISS,-0.5,-0.0233,-0.0002,-0.0231,5836.0,9894076.0
MP,2026-05-07,BEAT,2.0646,-0.1457,-0.0002,-0.1454,9490.0,10333606.0
